username,name,email,gender,age,coins
svandermerwe0,Sharyl,skruse0@cornell.edu,Female,34,3083
jgrolle1,Jillayne,jgalley1@icq.com,Female,43,3857
mhalewood2,Morty,mblodgetts2@etsy.com,Male,60,958
lmccarle3,Lucina,lconeron3@nsw.gov.au,Female,22,1354
twisedale4,Thorsten,tsarle4@aol.com,Male,71,2979
lforlong5,Lynnet,lstairmond5@godaddy.com,Female,45,3323
mjeavons6,Maris,mrenton6@weibo.com,Female,11,3076
sdruett7,Salomone,sskellorne7@infoseek.co.jp,Male,40,1355
bspaice8,Broderick,bjoinson8@uiuc.edu,Male,8,4460
estolworthy9,Eloise,etowlson9@sogou.com,Female,46,1461
fcaudeliera,Fabio,fsawarta@dot.gov,Male,8,2185
cpeggb,Carmelina,ctattoob@berkeley.edu,Female,3,4515
cweeksc,Clemente,csansc@wikispaces.com,Male,12,1582
twadleyd,Taddeusz,toxladed@dailymotion.com,Male,73,1816
vlambertsone,Virgil,vspinoe@bluehost.com,Male,80,1540
acunniffef,Alden,afinnanf@bandcamp.com,Male,50,860
sosborneg,Sonny,stottemg@addthis.com,Male,72,2571
bstenbridgeh,Burg,bdufferh@auda.org.au,Male,18,4594
rgarneri,Regan,rjoroni@aboutads.info,Female,66,3220
mspierj,Madelyn,mbrosij@intel.com,Female,56,3745
fsharvillek,Ferdinand,fhuertask@yelp.com,Male,3,4105
btinkerl,Brewer,bjackalinl@live.com,Male,76,2752
mbraidfordm,Mason,mrysonm@wunderground.com,Male,16,4065
sfrancillon,Sloan,ssowten@bandcamp.com,Male,44,1126
fsagersono,Franciska,fadamovitzo@ca.gov,Female,38,2300
jcoushep,Justis,jlernihanp@bbb.org,Male,22,3628
mdurmanq,Mari,mmaccrackanq@scientificamerican.com,Female,50,425
twilmorer,Trixie,tpendallr@nhs.uk,Female,54,1652
hizards,Hogan,hrunseys@joomla.org,Male,34,4908
nkemmert,Norry,nroddyt@apache.org,Male,67,2610
mhovendenu,Menard,mmatteviu@sbwire.com,Male,16,4917
jfreemanv,Jillane,jwemesv@redcross.org,Female,7,580
sstanneyw,Silvain,scrosoerw@instagram.com,Male,37,704
rmacgeex,Rory,rlangthornex@forbes.com,Female,31,247
chardiy,Celestina,cthurbony@tumblr.com,Female,73,3363
weatttokz,Wilmer,wbarczewskiz@wikia.com,Male,18,227
ericcetti10,Electra,ecroney10@fc2.com,Female,7,1754
chevey11,Colet,cwinterbotham11@hhs.gov,Male,72,727
jwightman12,Joel,jraubenheimer12@issuu.com,Male,66,4508
agurys13,Andeee,awilcott13@chronoengine.com,Female,53,2296
emaccaig14,Elianora,eallsep14@homestead.com,Female,3,4723
trontree15,Teodora,tdonohue15@cdc.gov,Female,21,2193
dcarletto16,Dyanna,dpalfree16@people.com.cn,Female,35,2405
cpietzke17,Candy,cwhitticks17@msn.com,Female,21,2065
gaustwick18,Guillaume,gscottesmoor18@businessweek.com,Male,45,785
bseger19,Barrie,bcholton19@hibu.com,Male,27,469
mwhysall1a,Morie,mbarton1a@rambler.ru,Male,28,4324
cboulding1b,Christine,cclyburn1b@macromedia.com,Female,37,259
hsissens1c,Hartwell,hfishbourn1c@w3.org,Male,17,3294
mjeannequin1d,Marietta,msabatier1d@dailymail.co.uk,Male,25,2915
twartnaby1e,Troy,tromagnosi1e@indiegogo.com,Male,14,188
iboustred1f,Ilene,ijerdon1f@constantcontact.com,Female,77,4734
dworton1g,Deena,dhowkins1g@baidu.com,Female,73,3982
troostan1h,Tine,tnewsome1h@samsung.com,Female,18,3006
dhallas1i,Donnamarie,dandreacci1i@washingtonpost.com,Female,65,2664
vduddy1j,Vonni,vgenike1j@paginegialle.it,Female,10,3571
cwallhead1k,Coralyn,cbarmby1k@census.gov,Female,20,654
hoseland1l,Humphrey,hmathou1l@wordpress.org,Male,61,2261
hhackinge1m,Hollis,hboake1m@clickbank.net,Male,33,2385
alinebarger1n,Adela,avevers1n@hexun.com,Female,3,828
rcrookston1o,Rose,rforge1o@usgs.gov,Female,10,2515
nelgee1p,Nelli,nlafee1p@upenn.edu,Female,40,4955
dhawkin1q,Dana,dglasspool1q@ed.gov,Female,15,1261
scrus1r,Stace,sgoldby1r@cdbaby.com,Female,72,1664
zfairchild1s,Zara,zrenison1s@wired.com,Female,33,4222
trickardsson1t,Travers,tmullis1t@macromedia.com,Male,12,2732
ikullmann1u,Ira,isleeny1u@printfriendly.com,Female,76,741
kchsteney1v,Ky,khallford1v@prweb.com,Male,56,4043
mkillbey1w,Muffin,mcurm1w@cdc.gov,Male,47,1285
bgriffitts1x,Burt,bminister1x@cam.ac.uk,Male,6,3755
obadcock1y,Osmund,oschnieder1y@utexas.edu,Male,53,4421
vjikylls1z,Vivianna,vhourican1z@senate.gov,Female,46,2233
egroundwator20,Elroy,emaleham20@theatlantic.com,Male,35,4511
jcape21,Johanna,jyewdall21@noaa.gov,Female,6,641
eference22,Elliott,emilton22@blogs.com,Male,76,518
kbleacher23,Kay,kscotland23@elegantthemes.com,Female,2,3239
cdenyukin24,Cris,cespinel24@wunderground.com,Male,39,3400
dbales25,Donielle,ddealtry25@amazon.co.jp,Female,61,167
ananni26,Aylmar,aform26@360.cn,Male,22,472
mtreadgear27,Modesty,mvidean27@tamu.edu,Female,6,4021
sfenge28,Siffre,sskouling28@ucsd.edu,Male,33,467
astobbart29,Anderson,anoar29@sfgate.com,Male,58,4459
gidiens2a,Georgetta,gbevans2a@tuttocitta.it,Female,52,3628
cmazey2b,Corena,cmillard2b@blog.com,Female,12,3724
gthackray2c,Gwyneth,gprout2c@msn.com,Female,72,926
kniemiec2d,Kipper,kdungey2d@simplemachines.org,Male,50,1408
jtruter2e,Jyoti,jkynton2e@nature.com,Female,64,887
bglasspool2f,Boniface,bcotta2f@fda.gov,Male,20,2834
mmckellar2g,Mady,mcastillon2g@e-recht24.de,Female,49,4026
kvanderweedenburg2h,Kath,kgudyer2h@sakura.ne.jp,Female,27,1976
dchaldecott2i,Delmar,dnavarre2i@linkedin.com,Male,58,372
pgarrish2j,Paule,phindmore2j@disqus.com,Female,43,1441
borae2k,Bartholemy,bitzchaky2k@netvibes.com,Male,25,3734
bbelchambers2l,Byran,bfedder2l@abc.net.au,Male,57,4414
nwenn2m,Nilson,nchisholm2m@flavors.me,Male,22,3330
fmimmack2n,Fransisco,fstannus2n@amazonaws.com,Male,13,1251
swagstaff2o,Stanley,scometti2o@ebay.co.uk,Male,71,1287
cbladon2p,Cassie,cludlow2p@cisco.com,Male,31,3864
cthowless2q,Cyndie,clandrieu2q@digg.com,Female,37,196
jdemkowicz2r,Jesselyn,jsiney2r@devhub.com,Female,24,3163
efisbey2s,Evelyn,ereignolds2s@ifeng.com,Female,41,2206
mbarnett2t,Michail,mferroni2t@amazonaws.com,Male,42,1130
dtertre2u,Dina,dshuttlewood2u@house.gov,Female,31,2161
fdyson2v,Franzen,fbannerman2v@yale.edu,Male,40,792
tamberger2w,Tobie,tcradey2w@archive.org,Male,28,703
dpembery2x,Devy,ddonnersberg2x@wikia.com,Male,56,543
tbernardinelli2y,Tanney,tkelbie2y@unc.edu,Male,50,4942
hglenwright2z,Hamil,hhughes2z@nymag.com,Male,26,4554
lmclafferty30,Lonny,ldolphin30@ovh.net,Male,77,3315
jwreak31,Joseph,jceschelli31@chicagotribune.com,Male,67,3821
ccristol32,Cindie,cetherson32@opensource.org,Female,69,3670
cfidele33,Caralie,cwaddingham33@spotify.com,Female,23,3072
rketchaside34,Rosa,rmcpartlin34@ucsd.edu,Female,28,4347
kstqueintain35,Kristos,kscarfe35@github.io,Male,50,4243
tbaysting36,Thurstan,trussan36@dropbox.com,Male,18,147
ugleaves37,Upton,ustansby37@bing.com,Male,22,4746
dpiecha38,Daisy,dcamilleri38@sun.com,Female,3,3165
dlavielle39,Danica,deasseby39@biglobe.ne.jp,Female,22,4143
gstaddom3a,Grete,gdruery3a@stanford.edu,Female,69,2670
vlekeux3b,Vlad,vospillane3b@lycos.com,Male,63,3035
bsygroves3c,Blisse,bburnup3c@earthlink.net,Female,9,4831
galejandro3d,Gabriel,gthrustle3d@state.gov,Male,13,1163
abeedie3e,Alexis,abolter3e@businesswire.com,Male,25,974
wrosoni3f,Worthington,wroark3f@dailymail.co.uk,Male,74,2025
tblacker3g,Tommie,tryton3g@123-reg.co.uk,Female,8,4659
grobotham3h,Gabbey,ghallan3h@dell.com,Female,2,1538
dyegorkin3i,Dagny,dmccaughey3i@aboutads.info,Male,78,4116
kknowling3j,Kimmi,khaythorn3j@odnoklassniki.ru,Female,37,1787
bhulme3k,Beaufort,bkalinke3k@rakuten.co.jp,Male,79,549
ocoase3l,Othilia,ofallon3l@intel.com,Female,39,3262
emallall3m,Ernie,ebrunotti3m@bluehost.com,Male,26,1829
dschulter3n,Deeanne,dkenninghan3n@intel.com,Female,43,651
pfreeborn3o,Pascal,pmartel3o@spotify.com,Male,28,3843
edaffern3p,Emile,ebuckthought3p@imgur.com,Male,36,1955
aklug3q,Anette,ailett3q@ameblo.jp,Female,71,4932
btayt3r,Berti,bdarnody3r@microsoft.com,Female,21,4811
dsteed3s,Darrel,daitcheson3s@tinyurl.com,Male,50,3287
lmeriton3t,Laure,lcollingwood3t@stumbleupon.com,Female,33,2748
flearmond3u,Fabiano,fbollin3u@yandex.ru,Male,32,4622
ihellyar3v,Ivie,ifagan3v@bing.com,Female,65,303
lriddick3w,Linnea,lpickworth3w@oracle.com,Female,61,4649
bfrancillo3x,Blythe,beminson3x@hc360.com,Female,26,4165
mseelbach3y,Mercie,mdetocqueville3y@opera.com,Female,7,4062
epidwell3z,Eugenio,efivey3z@google.co.jp,Male,54,4012
csouley40,Clementius,cloftin40@wiley.com,Male,42,3321
fparamor41,Filide,fgrint41@ftc.gov,Female,44,1393
svaller42,Saba,srathe42@wiley.com,Female,48,2371
flepiscopio43,Ferguson,fblacklidge43@wix.com,Male,16,2591
mworviell44,Mortimer,myewdale44@ask.com,Male,69,4083
ekrollman45,Evered,elowne45@lycos.com,Male,78,1904
dwyant46,Dougie,dberkery46@google.fr,Male,23,691
vbernath47,Vinni,vhutchin47@slashdot.org,Female,11,4734
apoate48,Ariella,acopello48@prnewswire.com,Female,22,3528
blindhe49,Barnabas,bludewig49@a8.net,Male,52,4124
gwreight4a,Garek,ggieves4a@techcrunch.com,Male,77,3852
geccersley4b,Grant,gyeeles4b@bizjournals.com,Male,20,1597
mdowsing4c,Mortimer,mrennick4c@163.com,Male,17,305
mtarpey4d,Munroe,mjouanet4d@vistaprint.com,Male,38,4254
kmettetal4e,Kinnie,kwilliscroft4e@youtu.be,Male,52,2506
melham4f,Meade,mmorkham4f@wufoo.com,Female,42,4528
asamson4g,Alisa,abaughan4g@angelfire.com,Female,45,1697
jlynnett4h,Jonah,jdellenbrook4h@seesaa.net,Male,3,4678
dtungay4i,Dodi,djorin4i@microsoft.com,Female,64,1188
fargent4j,Farrell,fbowgen4j@nih.gov,Male,21,1391
dmatyas4k,Darrelle,dgeharke4k@ft.com,Female,69,826
ajenkerson4l,Abeu,ahazlehurst4l@google.pl,Male,37,1529
uchristescu4m,Umberto,urivelin4m@google.com.au,Male,51,2228
ygarvin4n,Yorker,ymilliken4n@utexas.edu,Male,57,410
jerrichiello4o,Jilli,jdeleek4o@wsj.com,Female,21,4256
nharmer4p,Nathalia,nwardrope4p@amazon.co.uk,Female,2,1991
ygrishagin4q,Yale,yalexandersson4q@sina.com.cn,Male,60,494
fgoburn4r,Fletch,furion4r@t-online.de,Male,41,4399
cbrassington4s,Chucho,cnibley4s@nationalgeographic.com,Male,64,450
myorston4t,Maurits,mkenton4t@newyorker.com,Male,11,2515
sdonativo4u,Salomo,skipling4u@printfriendly.com,Male,67,504
asallier4v,Avram,ageldeford4v@google.com,Male,6,2269
gswinyard4w,Gareth,gglavin4w@paginegialle.it,Male,11,1105
dharnell4x,Dwight,dredfield4x@bandcamp.com,Male,73,3919
plutwidge4y,Padgett,plough4y@slideshare.net,Male,47,2931
alissemore4z,Adoree,amarke4z@wunderground.com,Female,9,1163
fmateja50,Freeland,fpykett50@mapquest.com,Male,74,1670
edewsbury51,Emily,edella51@china.com.cn,Female,69,2373
mhadny52,Muhammad,mstenners52@furl.net,Male,17,1954
tbaud53,Tad,twoodger53@intel.com,Male,35,3546
cklouz54,Catlin,cdeamaya54@wikimedia.org,Female,44,1789
hbellefant55,Heinrick,hautin55@psu.edu,Male,44,3653
fscrancher56,Faulkner,fwallbutton56@samsung.com,Male,49,2545
kflewin57,Karole,kgolden57@cargocollective.com,Female,44,645
kjohansson58,Kaylil,kocarmody58@wikispaces.com,Female,48,3031
lbingham59,Lisetta,lharry59@tuttocitta.it,Female,79,4440
pputtock5a,Phillipp,prentenbeck5a@soup.io,Male,71,3413
vgabler5b,Viole,vsouthcoat5b@1und1.de,Female,38,4312
clanfer5c,Celine,cwisdish5c@si.edu,Female,57,357
ttinmouth5d,Tye,tbleesing5d@blog.com,Male,53,2846
rduggleby5e,Reade,rend5e@jimdo.com,Male,51,2789
ivalentinetti5f,Inna,ipreto5f@tripadvisor.com,Female,32,3742
vbardnam5g,Vikky,vudy5g@about.com,Female,13,2734
dmabley5h,Doll,dpettingill5h@jigsy.com,Female,40,2162
bfredy5i,Barnabe,bsparry5i@wisc.edu,Male,47,3116
jespinoy5j,Jackie,jtourner5j@marketwatch.com,Female,62,4778
mshera5k,Morgan,mmclaine5k@china.com.cn,Female,21,2548
tswalwel5l,Trish,tmckelvie5l@1und1.de,Female,18,1137
slernihan5m,Siward,state5m@vinaora.com,Male,46,3110
spash5n,Stacie,sspellar5n@howstuffworks.com,Female,4,2343
rschroder5o,Ravid,rrackham5o@artisteer.com,Male,49,477
ksharrem5p,Kelley,kounsworth5p@github.com,Female,22,4975
dprendergrass5q,Dorey,dmanjot5q@census.gov,Male,4,1695
etwidale5r,Estella,eidney5r@amazon.com,Female,38,3466
lpinyon5s,Lona,lmakiver5s@netlog.com,Female,70,2463
kreihm5t,Karyn,kperot5t@cam.ac.uk,Female,79,418
nziemecki5u,Nickie,nrossbrooke5u@adobe.com,Female,71,3560
zgai5v,Zaria,zmacentee5v@e-recht24.de,Female,45,4057
emathews5w,Edithe,emckerton5w@addthis.com,Female,36,4265
niwanicki5x,Nada,nyole5x@usnews.com,Female,57,980
pwindrus5y,Pincus,pbeaves5y@delicious.com,Male,46,3444
mgreensitt5z,Mikael,mpurver5z@com.com,Male,47,2461
marpino60,Myrta,mskokoe60@163.com,Female,57,1767
lsimmance61,Livvyy,lambrosch61@multiply.com,Female,34,2768
hdonat62,Hyacintha,hrobertson62@nih.gov,Female,73,4533
wbiagini63,Wilmer,wlinnane63@whitehouse.gov,Male,52,4603
hgrabham64,Heather,hritmeyer64@sbwire.com,Female,74,1912
halvaro65,Hakeem,hgoodfellow65@xrea.com,Male,26,1231
ntorbett66,Nolan,nivanuschka66@latimes.com,Male,43,355
wmuncey67,Wally,wwadesworth67@msn.com,Male,18,2402
educkit68,Elsinore,ehaker68@imgur.com,Female,70,2185
hclimpson69,Harwilll,hmongan69@bigcartel.com,Male,55,317
gjedryka6a,Glenine,gjupe6a@census.gov,Female,23,313
rdeerr6b,Roxanna,rmccluin6b@ustream.tv,Female,42,3674
sbresson6c,Sidnee,sovernell6c@theatlantic.com,Male,55,1671
hnormanton6d,Horst,hboult6d@accuweather.com,Male,16,1268
tmaccartan6e,Tristan,tsloat6e@patch.com,Male,67,1132
mmercik6f,Maritsa,mcobby6f@netvibes.com,Female,57,3773
tsilcox6g,Taddeusz,trubrow6g@reuters.com,Male,13,2237
amcgrae6h,Aron,ajee6h@github.com,Male,9,2448
jhindshaw6i,Jania,jzack6i@miitbeian.gov.cn,Female,8,4254
bbollam6j,Barnett,bmarc6j@wired.com,Male,18,1907
scullotey6k,Saunderson,sclaypoole6k@accuweather.com,Male,60,4522
lmennell6l,Luz,lhugett6l@wunderground.com,Female,29,2950
nwhybray6m,Nonna,nbrinson6m@so-net.ne.jp,Female,45,2939
cmendenhall6n,Clevey,cdevers6n@amazon.co.jp,Male,79,3550
lmold6o,Lane,lrobardley6o@squidoo.com,Female,12,3520
remmins6p,Rutherford,rskouling6p@amazonaws.com,Male,33,1563
kdaley6q,Kiel,kflode6q@apple.com,Male,77,3699
aleynham6r,Annette,abrodest6r@meetup.com,Female,57,2674
swilmot6s,Skylar,sgheeraert6s@linkedin.com,Male,27,754
agueinn6t,Arlette,amanuelli6t@census.gov,Female,30,279
cvanarsdall6u,Christophorus,cbentham6u@gnu.org,Male,67,903
hbernardinelli6v,Husein,htuffell6v@constantcontact.com,Male,66,384
rszimon6w,Richardo,rlanon6w@state.tx.us,Male,1,1199
akenewell6x,Adrea,agravet6x@theguardian.com,Female,8,4592
fcaron6y,Fanni,fwhitfield6y@so-net.ne.jp,Female,43,3588
nyuryshev6z,Noach,nnaughton6z@narod.ru,Male,55,4355
khamsson70,Karil,kjakeman70@networksolutions.com,Female,71,3869
rstovell71,Roxy,rshooter71@epa.gov,Female,57,691
gudie72,Gena,glarkby72@spiegel.de,Female,39,3249
egodley73,Ellyn,ebarnham73@gmpg.org,Female,69,1718
wcape74,Weber,wwarde74@usa.gov,Male,31,4540
pmease75,Philly,pseyers75@livejournal.com,Female,39,2557
epadula76,Erv,eohannigan76@hibu.com,Male,3,1989
lgooday77,Lura,lcullin77@shop-pro.jp,Female,3,232
ebarense78,Eran,erittelmeyer78@bravesites.com,Female,45,1902
oloadman79,Orrin,omacginlay79@google.com.hk,Male,49,3672
dassandri7a,Derek,dcottu7a@wiley.com,Male,27,2070
jgagg7b,Jennifer,jspurgeon7b@aboutads.info,Female,6,2674
lchartre7c,Louise,lfehners7c@zdnet.com,Female,71,4346
fkingsnorth7d,Fairleigh,flinguard7d@reddit.com,Male,47,4936
nlebrum7e,Neysa,nyeabsley7e@soup.io,Female,7,2355
cdarbey7f,Carlotta,cpowys7f@bravesites.com,Female,1,4052
bzanre7g,Burton,bvarley7g@studiopress.com,Male,31,2028
dhasel7h,Delmar,dkmiec7h@vistaprint.com,Male,71,1498
kbotham7i,Kakalina,kthurlby7i@ucla.edu,Female,75,1099
vbarles7j,Virgie,vrodriguez7j@sciencedirect.com,Male,49,1792
cmcilenna7k,Cindie,cabbe7k@latimes.com,Female,20,678
dlatus7l,Druci,dleathart7l@businessinsider.com,Female,45,635
imaris7m,Innis,ioloinn7m@jalbum.net,Male,4,1121
osmail7n,Ogdon,ohawes7n@ocn.ne.jp,Male,66,3156
eebsworth7o,Ethyl,erodinger7o@twitter.com,Female,52,3759
hmalloy7p,Hermann,hroddie7p@psu.edu,Male,75,2478
gdragoe7q,Godart,ghickenbottom7q@people.com.cn,Male,30,3665
rmaccaull7r,Roz,rfield7r@utexas.edu,Female,39,2263
lbawle7s,Laurel,lpadbury7s@arstechnica.com,Female,71,1553
lwisbey7t,Leeland,lshanks7t@marriott.com,Male,65,3213
lgodney7u,Liana,lmaguire7u@cbsnews.com,Female,23,2711
canderer7v,Claiborne,cdunkerly7v@auda.org.au,Male,47,1764
aainge7w,Alice,akinzett7w@1688.com,Female,29,1126
cstyche7x,Clerc,ctalman7x@sina.com.cn,Male,14,1333
amoatt7y,Amerigo,amickleburgh7y@sina.com.cn,Male,70,4857
ccardenas7z,Carney,csoppit7z@sciencedirect.com,Male,58,4609
msmoote80,Micky,mattawell80@goo.ne.jp,Female,12,1659
jashfield81,Julienne,jrosenhaupt81@wp.com,Female,77,3435
mtimeby82,Murvyn,mjaquiss82@yellowpages.com,Male,58,236
amacardle83,Annabal,asnelman83@bravesites.com,Female,50,918
amacentee84,Aili,abrugmann84@printfriendly.com,Female,64,1594
cjuliff85,Christoper,cciobotaro85@a8.net,Male,10,923
hcahn86,Hana,hyakebovitch86@lycos.com,Female,26,520
mbolger87,Mel,mbluett87@home.pl,Female,47,1781
pcorkitt88,Pacorro,pcool88@unblog.fr,Male,19,3203
haxon89,Hollie,hgrovier89@imdb.com,Female,78,822
ispata8a,Ichabod,ihandrick8a@newsvine.com,Male,52,4571
erust8b,Evonne,esacco8b@newyorker.com,Female,76,2172
athayre8c,Alvie,avedyashkin8c@sitemeter.com,Male,80,4002
lpetschelt8d,Lazare,lpickup8d@arizona.edu,Male,63,3870
lmullins8e,Laurel,lhospital8e@tamu.edu,Female,21,4489
mmanicom8f,Murry,mkubelka8f@freewebs.com,Male,8,1195
tespasa8g,Theadora,turlin8g@4shared.com,Female,60,2591
imews8h,Inga,ikembery8h@deliciousdays.com,Female,80,2714
merie8i,Martita,myukhnov8i@baidu.com,Female,18,1095
ebryan8j,Emmet,estayte8j@blogspot.com,Male,21,1242
jkolodziejski8k,Jacquelyn,jferris8k@storify.com,Female,5,939
pjesson8l,Pen,pkornilyev8l@netlog.com,Male,68,4633
egiacomasso8m,Esme,edikels8m@fastcompany.com,Female,45,1880
mtillot8n,Myrta,mcomolli8n@vinaora.com,Female,54,1587
pgraeme8o,Pedro,pcorking8o@nyu.edu,Male,22,1272
cpyvis8p,Charley,cfenna8p@joomla.org,Male,46,1223
msaffill8q,Maximilien,mpursey8q@amazonaws.com,Male,62,2859
mashby8r,Madeleine,mpitceathly8r@irs.gov,Female,11,2551
cnoden8s,Chelsy,cpersich8s@people.com.cn,Female,53,2192
ewadhams8t,Eduard,eobey8t@joomla.org,Male,56,1470
abritton8u,Atalanta,aseegar8u@shop-pro.jp,Female,52,3442
hselman8v,Helga,hsellen8v@umn.edu,Female,32,2392
jdaniello8w,Jerad,jfoxworthy8w@issuu.com,Male,70,2388
tsmaleman8x,Theodor,tleftly8x@theguardian.com,Male,13,3248
mguerry8y,Merline,mratcliff8y@bluehost.com,Female,60,378
lhaxell8z,Lloyd,ldebold8z@facebook.com,Male,2,2667
aorpin90,Alexandra,aschonfeld90@va.gov,Female,7,3230
cmulchrone91,Cleon,cazam91@so-net.ne.jp,Male,8,1228
tpetkens92,Thedric,tperrington92@foxnews.com,Male,41,681
mhunston93,Margie,mthomton93@slideshare.net,Female,30,4784
mliger94,Mariya,mmcgloughlin94@123-reg.co.uk,Female,7,341
mlynam95,Misty,mhince95@ebay.com,Female,35,3224
ceckly96,Cheryl,cpauncefoot96@squidoo.com,Female,44,620
mmacro97,Moll,mmeredyth97@yolasite.com,Female,26,4857
slatham98,Shanan,sbetun98@weather.com,Male,53,3417
abarnson99,Allin,aelfes99@unblog.fr,Male,77,3008
rtrumpeter9a,Rodge,rbabar9a@fastcompany.com,Male,65,2767
wmaddick9b,Wyndham,wizod9b@ed.gov,Male,24,1022
gstruijs9c,Georgina,gwhimpenny9c@ucoz.com,Female,54,1036
eallchorn9d,Emmerich,egumery9d@oaic.gov.au,Male,21,3731
awhiteford9e,Aliza,ascoggin9e@mysql.com,Female,47,1002
kfallanche9f,Kalli,kalenshev9f@ning.com,Female,75,4751
cbartusek9g,Cosme,cdowns9g@utexas.edu,Male,1,727
ndefilippo9h,Norina,nstannion9h@admin.ch,Female,66,3257
gneachell9i,Gerta,gbaudino9i@sakura.ne.jp,Female,24,3251
ncorcut9j,Natassia,nzottoli9j@apache.org,Female,42,4823
thargrave9k,Tiffi,tlurner9k@imdb.com,Female,6,2882
lulyet9l,Lizzy,llapthorne9l@blogspot.com,Female,21,1169
barnal9m,Baudoin,broja9m@trellian.com,Male,69,2285
emcneil9n,Elisha,ehoundson9n@cornell.edu,Female,14,2915
chuot9o,Coralyn,cbonefant9o@eepurl.com,Female,4,3745
dberkery9p,Desdemona,dvarah9p@dailymotion.com,Female,33,1455
rluparto9q,Ric,rblockley9q@weather.com,Male,71,431
fimm9r,Fraze,fyanin9r@digg.com,Male,4,1636
wiannetti9s,Wendell,wfraanchyonok9s@lulu.com,Male,28,400
jwalesa9t,Judi,jteece9t@fc2.com,Female,8,2625
hgillian9u,Hinze,hlonie9u@usnews.com,Male,32,2501
hkees9v,Hanan,hcuckson9v@nature.com,Male,71,224
fharber9w,Fredek,fagutter9w@yolasite.com,Male,46,2947
gclewlowe9x,Grant,gmctrustie9x@statcounter.com,Male,42,3954
cdevers9y,Cicely,csimeoni9y@wordpress.org,Female,37,1092
kjulyan9z,Kaiser,kcrinage9z@scribd.com,Male,80,1950
kplaistowea0,Karney,kbladea0@abc.net.au,Male,4,3110
ngriersona1,Nell,nlongworthya1@usda.gov,Female,19,3491
djewara2,Deane,dhoggana2@etsy.com,Female,4,4934
abyresa3,Audre,adumingosa3@nytimes.com,Female,51,3119
djohnkea4,Derwin,dpallea4@wikipedia.org,Male,52,3924
ycosterda5,Yale,ybeggina5@google.nl,Male,14,2202
kbigglestonea6,Kippy,kemblena6@ucsd.edu,Male,3,405
hpashana7,Hillyer,hwelmana7@sfgate.com,Male,35,3727
benokssona8,Betti,breditta8@hc360.com,Female,28,489
smeredytha9,Sigvard,smacallistera9@163.com,Male,57,2389
vmatelaitisaa,Von,vromaineaa@pen.io,Male,57,3028
jpasqueab,Jennine,jduncansonab@vkontakte.ru,Female,35,4009
mellwandac,Marylee,msangerac@feedburner.com,Female,74,4699
gneashamad,Granny,gobyrnead@cloudflare.com,Male,27,1218
kcastagnaae,Konstanze,kfidelusae@soundcloud.com,Female,71,4064
tbrawnaf,Tania,tjoseffaf@sakura.ne.jp,Female,53,4504
cparhamag,Cleve,csamwayesag@nationalgeographic.com,Male,10,2107
bmillwallah,Bradley,bbeadnellah@aboutads.info,Male,60,3232
aturbefieldai,Angelle,ahabeshawai@yellowbook.com,Female,14,4659
gyongeaj,Gonzalo,gelverstoneaj@bizjournals.com,Male,23,2353
dhanbridgeak,Dare,dheadechak@cam.ac.uk,Male,18,4086
cdampieral,Catherin,ctowndrowal@twitpic.com,Female,37,1352
abeloeam,Artie,acapperam@webs.com,Male,65,4114
mcouroyan,Monica,mwalklotan@blogspot.com,Female,73,780
dminterao,Dennie,dhuddyao@pbs.org,Male,43,3758
jriccardiniap,Jolynn,jgheraldiap@fda.gov,Female,17,3703
bmessinghamaq,Baird,bboudaq@washington.edu,Male,57,448
abankerar,Ardene,asabatesar@cornell.edu,Female,80,2239
akuhnelas,Antonius,aszymonas@imdb.com,Male,38,1581
elomathat,Eve,eclaughtonat@columbia.edu,Female,48,1162
sknapperau,Susann,smarwoodau@about.me,Female,45,467
abushellav,Alexandros,ahainsworthav@sohu.com,Male,50,2871
curienaw,Cos,cpalffreyaw@answers.com,Male,38,2249
bmilchax,Brander,bpeacherax@yellowbook.com,Male,71,1874
ghartellay,Grethel,gjackettsay@istockphoto.com,Female,11,4748
gnoadaz,Genevieve,gbalharryaz@goo.gl,Female,44,3012
amccarlb0,Alfie,afergusonb0@amazon.com,Male,40,2337
hbalmforthb1,Herman,hidiensb1@4shared.com,Male,44,1871
hlawfordb2,Haze,hlivardb2@sfgate.com,Male,31,3170
waluardb3,Wandie,wsalvadorib3@irs.gov,Female,21,1817
bmcareeb4,Bambie,bgiorgioneb4@google.nl,Female,28,2571
taggusb5,Teirtza,tfenderb5@merriam-webster.com,Female,73,3460
lrosbothamb6,Linus,lkelledyb6@ox.ac.uk,Male,16,931
dtadlowb7,Dietrich,dlunneyb7@merriam-webster.com,Male,8,954
gspaughtonb8,Gardener,ghelisb8@furl.net,Male,19,940
dkimbleb9,Dilan,dclingoeb9@shop-pro.jp,Male,2,4351
kwillowbyba,Kelley,kgiovannelliba@cargocollective.com,Male,13,4617
rgoldhillbb,Roberto,rscampionbb@slate.com,Male,37,1042
mjocelynbc,Moore,mbewfieldbc@nymag.com,Male,68,1953
ddomebd,Damon,dprattinbd@hexun.com,Male,60,3305
cfulmenbe,Courtnay,cdrustbe@ox.ac.uk,Female,28,2083
lloveittbf,Lavinie,lsynanbf@fc2.com,Female,61,3711
esadlerbg,Emmalee,edevallbg@wordpress.org,Female,38,4266
fcheakbh,Fanchon,fmuffettbh@fema.gov,Female,36,3247
dklimkinbi,Dare,dvenesbi@soup.io,Male,59,2585
pwasylkiewiczbj,Padriac,pbirdsbj@infoseek.co.jp,Male,66,2249
smarcoolynbk,Skipp,slocketbk@time.com,Male,61,4269
lmacounbl,Louis,lmckitterickbl@nih.gov,Male,21,1013
ehawlgarthbm,Ermina,eartzbm@constantcontact.com,Female,5,2984
kespadabn,Karin,ksmallpiecebn@answers.com,Female,32,1285
tfearonbo,Tymon,tstoriebo@answers.com,Male,39,1406
eloadsmanbp,Elsie,echerrisonbp@spotify.com,Female,62,1841
livettbq,Lionel,lgodspedebq@etsy.com,Male,39,1758
oswainsburybr,Olenolin,ochermbr@vkontakte.ru,Male,59,3106
jbrinsdenbs,Jared,jmicahbs@gnu.org,Male,63,3736
araddenbt,Arch,aroomesbt@fc2.com,Male,35,1475
hmarcambu,Helenka,havisonbu@state.gov,Female,70,3074
ltrolleybv,Lorin,lrustadgebv@reference.com,Male,66,3904
cstebbingsbw,Camala,cmullarkeybw@gnu.org,Female,37,2806
sphilpotbx,Stavros,sjodrellecbx@bbc.co.uk,Male,19,2446
lbahlmannby,Lucas,lcaselickby@meetup.com,Male,75,4754
ssimoesbz,Shawnee,sohearbz@unicef.org,Female,13,2209
njordenc0,Nevsa,nrobothamc0@marketwatch.com,Female,63,2687
aianittelloc1,Aylmar,awhelptonc1@youku.com,Male,62,4604
mlloydsc2,Mathian,mmarchettic2@parallels.com,Male,52,489
rmcmylorc3,Rea,rhaconc3@ucoz.ru,Female,33,3709
bmontec4,Bo,bmaccartairc4@gnu.org,Male,23,4339
eprobyc5,Evita,emorrattc5@cargocollective.com,Female,60,2448
fhabbertc6,Fidel,fcaslakec6@instagram.com,Male,37,371
bturrillc7,Burty,bmctrustiec7@craigslist.org,Male,55,3989
roakeshottc8,Rowney,rpidgenc8@ft.com,Male,19,3480
plowaterc9,Papagena,pdaunterc9@narod.ru,Female,38,315
ocawseca,Oates,owaddieca@blinklist.com,Male,7,2274
csmailecb,Candie,cabisetticb@ycombinator.com,Female,61,1125
apallecc,Amerigo,asandscc@photobucket.com,Male,9,2459
mwinspurcd,Murdock,mjaqueminetcd@reverbnation.com,Male,43,3738
laspallce,Leesa,lthickingce@biglobe.ne.jp,Female,33,3077
mbugdellcf,Melessa,mdivinecf@europa.eu,Female,21,1426
bfarrancecg,Byram,bratleycg@ezinearticles.com,Male,78,4865
xtaylersonch,Xerxes,xmarcosch@trellian.com,Male,10,4044
jremerci,Julee,jmaffezzolici@facebook.com,Female,54,1282
ktalloncj,Kaycee,kkilfethercj@un.org,Female,17,837
jcahenck,Joli,jphonixck@intel.com,Female,40,1139
jcordobacl,Jeremias,jcalderocl@cafepress.com,Male,65,452
jkittowcm,Jaquelyn,jalthorpecm@typepad.com,Female,66,3763
sbernardoscn,Sofia,sestcotcn@comsenz.com,Female,45,1222
abeckleyco,Ailyn,aballisterco@unblog.fr,Female,29,3732
gvermercp,Gusty,gosmintcp@wikispaces.com,Female,52,4053
kegdellcq,Kare,kkemercq@webnode.com,Female,54,4967
rmaddockscr,Rhianon,rluckettcr@harvard.edu,Female,7,2670
hsavilcs,Hinze,hstallibrasscs@biblegateway.com,Male,51,4750
lcelierct,Lilly,llyvenct@wikispaces.com,Female,28,2739
lmenichinicu,Lazar,lpoelcu@springer.com,Male,50,2879
smurrthumcv,Svend,scortercv@privacy.gov.au,Male,8,4953
massoncw,Moe,mmoritcw@java.com,Male,68,610
pvolkercx,Packston,pmackissackcx@tripod.com,Male,67,705
ljacquemetcy,Libby,lalexandersency@foxnews.com,Female,74,2812
tellicombecz,Tim,tisacssoncz@biglobe.ne.jp,Female,61,728
svawtond0,Stevie,sizakd0@wufoo.com,Male,39,3921
gmclarensd1,Glen,gredferned1@booking.com,Female,22,2644
agiacomassod2,Ariela,alowlessd2@howstuffworks.com,Female,64,1669
hpuddind3,Henka,hfilintsevd3@guardian.co.uk,Female,57,3976
boflahertyd4,Booth,bdarrigoned4@bigcartel.com,Male,26,3706
deichd5,Dew,dcinellid5@cargocollective.com,Male,19,3100
jnicholesd6,Joeann,jgerlackd6@w3.org,Female,6,1338
gpitrollod7,Gusti,gairetond7@businesswire.com,Female,57,2832
ptregaled8,Pail,pfruchterd8@nymag.com,Male,53,2500
adanbrookd9,Auria,agoodboddyd9@hubpages.com,Female,33,3335
aburgesda,Aeriell,aespda@surveymonkey.com,Female,16,295
tkellardb,Templeton,tborrilldb@dailymotion.com,Male,67,225
mstanbrodc,Maurizio,mnoeldc@scribd.com,Male,64,4820
mpummerydd,Meridith,mbronotdd@miitbeian.gov.cn,Female,2,1673
llindberghde,Land,lkemetde@qq.com,Male,59,2926
nfaivredf,Norri,nlayedf@google.de,Female,27,4639
dyaneledg,Deanna,dhairondg@ucla.edu,Female,5,2427
nmacilwrickdh,Nissie,nroozedh@mac.com,Female,80,4423
bschuchmacherdi,Bernardo,bbuckthoughtdi@acquirethisname.com,Male,51,3924
sslaytondj,Son,skezourecdj@slate.com,Male,64,4728
mlowethdk,Maryrose,mstrowandk@themeforest.net,Female,49,992
rbloxlanddl,Robert,rbillanydl@printfriendly.com,Male,51,2182
nlododm,Netti,nhallihanedm@parallels.com,Female,56,2050
lamiesdn,Lida,lvanderbeekdn@ucla.edu,Female,49,402
jcucksondo,Julia,jheggmando@multiply.com,Female,25,1373
baxtondp,Bartie,bkarpfdp@163.com,Male,1,170
mfearnyhoughdq,Martie,mlinesdq@washingtonpost.com,Male,38,4931
rbischopdr,Regan,rconnealydr@instagram.com,Male,28,2326
cjaeggids,Cesar,chaineyds@etsy.com,Male,29,433
mbarleydt,Marven,mdeambrosisdt@jalbum.net,Male,58,3993
fbakhrushkindu,Fidelia,fosmondu@imdb.com,Female,5,3716
burreydv,Bradan,bgillinghamsdv@live.com,Male,48,2625
blanferedw,Burtie,bskogginsdw@e-recht24.de,Male,57,1223
haschedx,Hesther,hfortedx@infoseek.co.jp,Female,17,522
ctweeddy,Cyrus,ceunsondy@sakura.ne.jp,Male,57,3416
fpoynzerdz,Faythe,fwaynedz@bing.com,Female,42,2456
hmumbersone0,Hollie,hstruttone0@gravatar.com,Female,61,1407
lwilseee1,Lonna,lriggee1@ucoz.ru,Female,46,4267
dellesmeree2,Dwayne,dtremolierese2@mtv.com,Male,20,2937
kdavisone3,Katrine,khalleye3@businesswire.com,Female,40,2565
agommee4,Ardyce,atrowbridgee4@businessinsider.com,Female,27,3756
ajudsone5,Anya,acarsse5@china.com.cn,Female,58,2251
wwoodberrye6,Winna,wwestrawe6@xing.com,Female,2,2114
ihalfhydee7,Ignacio,iduckere7@weebly.com,Male,13,3792
cbeneditoe8,Caroljean,cwilsonee8@globo.com,Female,59,2494
rrudloffe9,Rory,rhuete9@odnoklassniki.ru,Male,53,4998
tphilipsenea,Theressa,tpayea@mit.edu,Female,29,576
ssheryneb,Stanfield,scrookeb@archive.org,Male,15,4869
rstclairec,Rafaelia,rstollsteimerec@cpanel.net,Female,34,886
agarriocked,Andie,acounselled@nba.com,Male,47,928
seddisforthee,Shelby,sheleee@canalblog.com,Female,1,1450
jbowenef,Jemima,jsulleref@bbc.co.uk,Female,33,3121
ghellsdoneg,Gian,gildeneg@squidoo.com,Male,6,4397
lhunnameh,Leeann,ldearnaleyeh@epa.gov,Female,39,209
ffaugheyei,Fergus,fgerardiei@t.co,Male,57,3368
rpardiej,Rolf,rmarklundej@google.co.uk,Male,33,1920
sclementeek,Shirley,sdaintreyek@digg.com,Female,51,2812
mmernerel,Margarethe,mbowcockel@dell.com,Female,6,2126
sdouseem,Sonja,sbackshillem@acquirethisname.com,Female,2,3824
aquinnen,Amble,alitelen@apache.org,Male,45,4627
bdowzelleo,Bab,blanghoreo@baidu.com,Female,80,2997
gsoigneep,Glyn,gpadkinep@hp.com,Male,35,1837
bboomeq,Bertie,bmitkineq@boston.com,Male,72,865
ldalrympleer,Lucilia,ldigbyer@sitemeter.com,Female,10,403
blardineres,Bunnie,briches@meetup.com,Female,39,2743
aswepstoneet,Ashia,agomeret@weibo.com,Female,52,4856
gbeateyeu,Glendon,gdifranceshcieu@indiegogo.com,Male,67,2712
slowselyev,Shandra,sbrattonev@noaa.gov,Female,20,597
kadamskiew,Kristofor,ktommeiew@globo.com,Male,23,3067
rpuckettex,Russell,rnormanvellex@clickbank.net,Male,15,3154
ahoftoney,Amble,amunsoney@soup.io,Male,50,4807
ncaseyez,Nester,nmusterdez@netlog.com,Male,3,3213
lsprulesf0,Lief,lteressef0@themeforest.net,Male,14,149
bhaslehurstf1,Brigid,bkeepinf1@blogtalkradio.com,Female,26,1317
acoitf2,Arty,adrydalef2@wired.com,Male,16,3398
dklehnf3,Dolph,drevanf3@360.cn,Male,64,2096
kmckinneyf4,Kennie,knollerf4@sogou.com,Male,26,2461
hpollakf5,Hewitt,hkettlesingf5@google.com,Male,23,2767
mburhillf6,Merrielle,mpenkethmanf6@youtube.com,Female,16,1857
nbulgenf7,Nolan,nbattershallf7@joomla.org,Male,47,1144
gspinof8,Gabby,gridingf8@apple.com,Male,12,2434
jbrozssetf9,Jimmy,jkernef9@php.net,Male,25,4323
garklefa,Gaston,greochfa@tripod.com,Male,58,3463
tlefleyfb,Terrel,tterbeckfb@yale.edu,Male,51,3889
kblackbroughfc,Karylin,kwellbankfc@ustream.tv,Female,74,271
bpoletfd,Bertrand,bramalhetefd@europa.eu,Male,70,171
mpiollife,Morna,mbaffinfe@buzzfeed.com,Female,75,4371
plandsboroughff,Pen,pyarntonff@abc.net.au,Female,19,1093
pboordfg,Pace,plombardfg@reverbnation.com,Male,77,4094
gcrosettifh,Gina,gmacgheefh@cyberchimps.com,Female,27,2721
pgeckfi,Pauletta,pneesamfi@gizmodo.com,Female,59,1993
cfilerfj,Cindelyn,cwaslinfj@craigslist.org,Female,77,2044
kmartschkefk,Karmen,klewsonfk@livejournal.com,Female,76,3117
cospillanefl,Conan,cbernierfl@disqus.com,Male,67,2678
tstrathmanfm,Tammy,tgurneyfm@wordpress.org,Female,64,3657
kpepysfn,Kerri,khisemanfn@dropbox.com,Female,32,3305
cfilipczakfo,Chiarra,chorleyfo@mit.edu,Female,76,2404
amaassfp,Alistair,arenishfp@mapquest.com,Male,29,274
gdionisettifq,Gregor,gglazierfq@wisc.edu,Male,2,4296
aclausenfr,Adriane,awarwickerfr@themeforest.net,Female,51,1357
rpoppletonfs,Rena,rgutcherfs@walmart.com,Female,40,1826
msuttabyft,Maia,mhinzerft@shutterfly.com,Female,46,4911
kemberyfu,Karyn,kabrahamsenfu@intel.com,Female,80,1218
gsennettfv,Glynnis,ggarthfv@prweb.com,Female,41,4925
mridleyfw,Masha,mscurfieldfw@webnode.com,Female,52,1926
vpatkinfx,Vera,vdemcakfx@google.ru,Female,9,2744
shastiefy,Shepperd,sskittrealfy@discuz.net,Male,76,630
mplascottfz,Malinda,mhaggarthfz@paginegialle.it,Female,35,3914
liskowitzg0,Lauralee,lweedeng0@harvard.edu,Female,40,1579
gpengellyg1,Guglielmo,gscullyg1@princeton.edu,Male,59,4660
mhubatschg2,Marchall,mkillingbeckg2@photobucket.com,Male,30,4524
edoerlingg3,Ellette,eplewesg3@nsw.gov.au,Female,50,714
jblayneyg4,Joachim,jtribeg4@ovh.net,Male,78,3552
hfeltoeg5,Honor,hbedbroughg5@163.com,Female,44,4293
lklugmang6,Lou,lendleg6@netscape.com,Male,25,4430
sfrontczakg7,Sergeant,srutlandg7@mediafire.com,Male,26,1852
kluipoldg8,Kelley,kausting8@indiatimes.com,Female,4,798
jgilliatg9,Jude,jwonforg9@symantec.com,Male,53,2254
agrigolliga,Adler,adalwoodga@seattletimes.com,Male,13,812
cfardygb,Clarke,cgiannonigb@issuu.com,Male,49,2710
avallowgc,Arthur,ababcockgc@illinois.edu,Male,34,1574
cpendlegd,Currie,cgreenfieldgd@fema.gov,Male,31,4739
aiacovinoge,Andris,aportege@e-recht24.de,Male,2,3668
ghewsgf,Georgianne,gcattellgf@1und1.de,Female,30,1072
cavrahamoffgg,Constancia,cvearncombegg@foxnews.com,Female,75,1278
ccoghlingh,Chris,cstrognellgh@homestead.com,Male,79,1901
swondraschekgi,Sonny,sgaskergi@github.io,Male,59,1548
nreignardgj,Nelli,npicklegj@google.de,Female,64,4052
emcvitygk,Early,efentongk@com.com,Male,22,4697
jgawkesgl,Jewelle,jpeltzergl@soundcloud.com,Female,23,2496
bsimantsgm,Brantley,bmacaleesegm@feedburner.com,Male,73,248
nwardallgn,Norry,nstrickgn@ox.ac.uk,Male,51,4713
edoretgo,Ewen,ekoppengo@desdev.cn,Male,57,1612
kpazgp,Kariotta,kmilbournegp@tinypic.com,Female,44,2377
cgamwellgq,Charlotte,ckikkegq@mail.ru,Female,12,4239
gvaingr,Galvin,gheinzlergr@chronoengine.com,Male,44,1263
cmulmuraygs,Chrystel,crawllgs@facebook.com,Female,14,1034
nbeckerleggt,Nealon,nholleworthgt@furl.net,Male,24,995
sannesleygu,Sarine,sswarbrigggu@phpbb.com,Female,70,4476
gspatiggv,Guillaume,gmcnivengv@unesco.org,Male,40,4925
hjiruchgw,Hebert,hainsburygw@youku.com,Male,28,1351
wpashengx,Wynn,wsambathgx@slate.com,Male,7,3128
ehaswellgy,Ewan,eskiptongy@biglobe.ne.jp,Male,74,159
amchughgz,Amaleta,arichichigz@deviantart.com,Female,38,3571
ainsoleh0,Aurea,aglyneh0@imgur.com,Female,24,1539
ghissetth1,Guillema,gwetheredh1@google.it,Female,33,2569
ewestbyh2,Emlyn,epealingh2@google.com.hk,Female,52,2043
galyoshinh3,Geraldine,ggodberth3@imgur.com,Female,1,4376
gsacaseh4,Gillian,ggounardh4@bravesites.com,Female,22,2201
ngoldsh5,Niel,npenninih5@histats.com,Male,27,1000
afairweatherh6,Annabela,aaskwithh6@blogtalkradio.com,Female,7,4996
htwyfordh7,Hamlin,hslymeh7@dagondesign.com,Male,12,2904
jcraufurdh8,Johny,jhallihaneh8@cafepress.com,Male,67,3697
wmariyushkinh9,Whitman,wrappah9@wisc.edu,Male,63,4449
mferraiha,Meara,meggerha@yellowpages.com,Female,45,2671
dmalanhb,Devy,dreadshawhb@prweb.com,Male,60,1370
gdufaurhc,Godfree,gdinanhc@smugmug.com,Male,69,226
cdevaanhd,Chelsey,cgrevatthd@ning.com,Female,60,1202
mcaveyhe,Monte,mmaccombehe@imageshack.us,Male,15,3089
jcoultasshf,Jannelle,jkillnerhf@wp.com,Female,9,657
kamishg,Klarrisa,kjaouenhg@mlb.com,Female,74,1095
akeelinghh,Abe,abanglehh@ucoz.com,Male,47,4078
abuckyhi,Andris,apetrashi@buzzfeed.com,Male,32,818
ecornesshj,Evangelin,ewhistancehj@4shared.com,Female,16,275
mgettenhk,Mersey,mjarmanhk@51.la,Female,79,307
mdedantesiehl,Marlo,mcominohl@netvibes.com,Male,43,4016
ebanathm,Eileen,emalthushm@yolasite.com,Female,2,2315
fdunlophn,Fifi,fpearsehn@tmall.com,Female,3,2990
bleyntonho,Brett,bjohnsonho@scribd.com,Female,9,959
jberhp,Jed,jboighp@toplist.cz,Male,55,1481
ahamberstonhq,Ade,adytonhq@live.com,Male,25,1864
acoonanhr,Akim,afearhr@gizmodo.com,Male,14,4533
mbaribalhs,Merwyn,mthirwellhs@wordpress.com,Male,20,653
mstallardht,Milena,mfanninght@si.edu,Female,6,4670
utrulockhu,Ulrica,uoleshuninhu@privacy.gov.au,Female,57,4861
ngallohv,Neddy,nstitfallhv@reuters.com,Male,47,4268
fstrutehw,Fernanda,ftheusshw@bizjournals.com,Female,24,3647
rmcleoidhx,Randee,rpietruschkahx@cafepress.com,Female,52,819
tjanczewskihy,Tybi,tcorderohy@cdbaby.com,Female,51,3770
mbercevelohz,Morse,mroughsedgehz@mashable.com,Male,4,4238
lrominovi0,Lenora,ltomseni0@state.gov,Female,67,731
bsollimei1,Bee,bmalatalanti1@jimdo.com,Female,52,2465
ckettlesingi2,Claudell,crentouli2@ocn.ne.jp,Male,75,4178
fhalyi3,Felicio,fhargrovei3@alexa.com,Male,57,2625
awageneni4,Abbott,anorthcotti4@unblog.fr,Male,66,2687
mdjorvici5,Manya,mrohfseni5@freewebs.com,Female,20,2489
alesmondei6,Afton,ayellandi6@exblog.jp,Female,14,4284
lmuffitti7,Lara,lpiggremi7@nydailynews.com,Female,72,3283
isowmani8,Ignatius,ifeatherbyi8@sakura.ne.jp,Male,60,613
bpoi9,Bink,bratchfordi9@barnesandnoble.com,Male,67,4166
sedworthyia,Shel,sminerdoia@w3.org,Female,32,1197
dclewarthib,Dianemarie,dmccreadieib@google.com.br,Female,36,417
jtipladyic,Joy,jfiggeric@istockphoto.com,Female,33,1614
mmahadyid,Minor,mhauckid@netvibes.com,Male,77,4895
csayesie,Charlton,ceggertonie@ucsd.edu,Male,1,2664
chawsif,Christophe,cstangelif@goo.ne.jp,Male,16,1805
kpatekig,Kirstyn,kjeanninig@friendfeed.com,Female,78,669
sgwilliamsih,Scarface,sgirodiasih@hatena.ne.jp,Male,69,773
lmcdugalii,Lil,lredmellii@blog.com,Female,29,4297
akiltyij,Alf,aeberleij@i2i.jp,Male,57,571
vhowieik,Valeda,vgerdingik@netlog.com,Female,70,787
jcorballisil,John,jstubbingsil@vk.com,Male,29,4423
adoutyim,Angeline,ademendozaim@dropbox.com,Female,37,1447
gcrawshayin,Ginnifer,gcastagnetin@last.fm,Female,59,1624
mgeorgio,Marsh,mhansfordio@ucsd.edu,Male,31,3864
gtottonip,Gilberte,geastip@sciencedaily.com,Female,27,4512
lkindrediq,Lorain,lgraingeriq@merriam-webster.com,Female,18,3993
tbellardir,Tab,tferreirair@vimeo.com,Male,49,1194
ttregearis,Townie,tbinneris@storify.com,Male,25,4775
kluciait,Kym,kcrasswellit@yandex.ru,Female,62,4560
nseabrookiu,Neal,ngligorijeviciu@narod.ru,Male,28,1085
ghawkeyiv,Genevieve,glegativ@behance.net,Female,73,1652
lglozmaniw,Lyon,lpeacopiw@bbc.co.uk,Male,45,4747
rnilgesix,Reed,rfrayix@phpbb.com,Male,25,4454
lfranscioniiy,Leilah,ltouhigiy@google.es,Female,29,653
bjakuszewskiiz,Bennie,bgoodbaniz@tiny.cc,Male,55,3380
fadinj0,Ferne,fderobertisj0@java.com,Female,78,2926
sdrummondj1,Stafford,smccroftj1@nsw.gov.au,Male,68,2765
aribbensj2,Adrianne,ajurczykj2@cdc.gov,Female,65,981
selvyj3,Solomon,swickmannj3@histats.com,Male,40,3292
pkulicj4,Petey,pclunanj4@alexa.com,Male,52,3045
pdevaarj5,Pattie,pburkartj5@sohu.com,Male,18,4709
lcarolinej6,Lombard,lelnaughj6@webs.com,Male,8,3802
irawlingsj7,Ira,iwaithj7@disqus.com,Male,32,3634
dhayterj8,Denny,dellacottj8@nytimes.com,Female,8,2080
rcamillettij9,Romeo,rmcgrirlj9@ucoz.ru,Male,20,4788
kcossinsja,Katusha,khoodspethja@economist.com,Female,75,4868
bcorkejb,Bailey,bbridgewaterjb@census.gov,Male,61,382
lbussenjc,Laughton,lcochjc@jalbum.net,Male,38,1257
rgiorgeschijd,Rosemaria,raxtensjd@jigsy.com,Female,69,4143
fdomangeje,Fairlie,fladsonje@discovery.com,Male,5,1275
mvasiltsovjf,Merola,mgiannassijf@arizona.edu,Female,10,1966
jantonuttijg,Joete,jvittorijg@jugem.jp,Female,47,796
cjenmanjh,Cammi,clinzeyjh@odnoklassniki.ru,Female,44,486
abartlomiejji,Albrecht,asortonji@businessweek.com,Male,33,4149
jsiburnjj,Jenda,jryleyjj@biblegateway.com,Female,17,2172
fbruninijk,Francklyn,fobeejk@chronoengine.com,Male,10,3241
wwimburyjl,Winifield,wucchinojl@home.pl,Male,14,887
stoffettojm,Sigfrid,sblacklyjm@cisco.com,Male,63,4028
bbuyjn,Betsy,bmccaughanjn@diigo.com,Female,44,925
aduleyjo,Alvie,aknipejo@answers.com,Male,46,1389
pjamsonjp,Philippa,ptantejp@google.cn,Female,52,1541
dpleasantsjq,Donni,dlippojq@angelfire.com,Female,11,3295
jsmalingjr,Jeremie,jlympanyjr@soundcloud.com,Male,65,2491
dwoodbridgejs,Drew,dnewhousejs@disqus.com,Male,22,3642
lwissbeyjt,Leon,llessliejt@chron.com,Male,5,639
jleafju,Janella,jvanderveldtju@drupal.org,Female,41,3643
dtraylingjv,Diena,drodriguesjv@nsw.gov.au,Female,12,3173
dbacksaljw,Duffie,dbarrjw@w3.org,Male,61,2380
gwhoralljx,Gilberte,gdallinderjx@dailymotion.com,Female,1,540
hsomerbelljy,Hersh,hmatityahujy@yahoo.com,Male,55,1716
croughleyjz,Carlyle,charrildjz@sogou.com,Male,46,2444
cmcelreek0,Clementine,cjoskovitchk0@myspace.com,Female,47,3370
acorneilk1,Aile,ahopkynsonk1@wiley.com,Female,34,4834
cdumberellk2,Cammie,cvalancek2@g.co,Female,17,2710
jmiroyk3,Jarid,jluceyk3@paginegialle.it,Male,31,611
mmounseyk4,Marv,msarginsonk4@samsung.com,Male,62,4520
alambournek5,Annaliese,astalfk5@theglobeandmail.com,Female,10,2798
vesterbrookk6,Valli,vcorsek6@sogou.com,Female,34,2153
cwalthallk7,Constantino,cworrellk7@studiopress.com,Male,76,1940
pmckunek8,Phillis,pclosek8@printfriendly.com,Female,26,3823
ijosefsenk9,Inglis,iraymank9@oakley.com,Male,26,4324
asuttillka,Adoree,aaloshechkinka@list-manage.com,Female,64,3987
rhebditchkb,Rossie,rstockellkb@cnbc.com,Male,53,1283
proekc,Pearle,pkierkc@technorati.com,Female,30,3994
jthurlingkd,Job,jcossemkd@ehow.com,Male,7,569
etraceyke,Elly,eletchfordke@imgur.com,Female,69,1640
mrymankf,Muriel,mslaneykf@nba.com,Female,13,2339
jballingalkg,Jule,jmacrorykg@printfriendly.com,Male,74,930
ehearnkh,Elisabet,efeenykh@gov.uk,Female,47,2163
mkettemanki,Michale,mcohalanki@statcounter.com,Male,67,4332
hlipscombekj,Hugues,hfarrearskj@about.me,Male,41,2029
cbarkawaykk,Clemens,cdorwardkk@ucoz.ru,Male,23,2989
gfarlambkl,Gare,gwillgoosekl@wsj.com,Male,61,1466
iunworthkm,Ivie,itatnellkm@tinypic.com,Female,43,584
nduguidkn,Norris,npapierzkn@clickbank.net,Male,39,2566
sbartelko,Sharia,sdykesko@elpais.com,Female,78,3183
kfarthinkp,Kenna,koffillkp@tuttocitta.it,Female,2,958
mfranzelinikq,Meriel,mcreswellkq@jugem.jp,Female,40,2773
sduplankr,Shanta,sjinkinskr@jimdo.com,Female,77,621
ajedrasikks,Arvie,astanerks@loc.gov,Male,14,2082
kcluattkt,Keir,kwhistlecroftkt@posterous.com,Male,31,3083
wshotboltku,Waneta,wkilkennyku@engadget.com,Female,59,3136
rtrinkwonkv,Rabi,rpietsmakv@cisco.com,Male,74,830
tpakenhamkw,Tallulah,tsyrattkw@java.com,Female,13,4946
gmitroshinovkx,Gray,ghatterslaykx@google.com.br,Male,3,3078
kcaudrayky,Kipp,kdallisonky@1und1.de,Male,39,3463
inottingamkz,Idaline,ipassionkz@wired.com,Female,14,3144
rbattisonl0,Raf,rkeetchl0@ca.gov,Female,1,3173
edellitl1,Em,etamblynl1@weibo.com,Male,36,787
malelsandrowiczl2,Moritz,mtalel2@edublogs.org,Male,13,4694
nspurlingl3,Nanine,nlingl3@ebay.co.uk,Female,16,520
pbulbrookl4,Pearline,pslottl4@msu.edu,Female,44,3505
malphegel5,Martyn,mcanhaml5@domainmarket.com,Male,21,4506
lcolbertl6,Lorrie,lmasarratl6@whitehouse.gov,Male,74,864
fslossl7,Faustina,fcannawayl7@illinois.edu,Female,70,2633
bdoddemeadel8,Barby,bpaskinsl8@washingtonpost.com,Female,40,2555
pstonel9,Price,pwerlockl9@newsvine.com,Male,76,410
csonscheinla,Cherye,cubsdellla@latimes.com,Female,4,4265
lmacgillivraylb,Lorene,llapreelb@blogtalkradio.com,Female,37,2332
dfeirnlc,Darcee,dgirardotlc@cbc.ca,Female,43,2289
jsamwellld,Jaclyn,jyeowellld@marriott.com,Female,50,275
idorrele,Ilsa,ipetrele@paypal.com,Female,50,1252
nkelceylf,Nichole,nbowichlf@guardian.co.uk,Female,11,1636
mcoucherlg,Maud,mhackleylg@ycombinator.com,Female,24,421
bwhithalghlh,Bessy,bmcgillivraylh@psu.edu,Female,54,3972
ppurdyli,Perri,pobradainli@gnu.org,Female,52,563
oiviclj,Olive,osenogleslj@cpanel.net,Female,79,2135
cfuchslk,Carroll,cbrooksbanklk@dyndns.org,Male,47,2859
jblankmanll,Jessee,jpringuerll@google.co.jp,Male,43,1735
msuddabylm,Meridel,mheinshlm@cafepress.com,Female,35,230
pargileln,Pyotr,pkellogln@china.com.cn,Male,19,2411
twisniowskilo,Terrel,tbraunthallo@odnoklassniki.ru,Male,48,1342
dedscerlp,Dal,dschutzelp@friendfeed.com,Male,6,1068
hriverslq,Ham,hiredelllq@google.com,Male,48,2669
fimlackelr,Faye,fchethamlr@hp.com,Female,50,4670
statfordls,Stephana,sparminterls@examiner.com,Female,49,4966
blavignelt,Benjie,bpiwelllt@bizjournals.com,Male,49,3196
rplunkettlu,Rick,rtuxselllu@hhs.gov,Male,71,3053
mbenechlv,Murielle,mdidsburylv@kickstarter.com,Female,77,3406
tchurmslw,Tedd,tungerechtslw@unesco.org,Male,23,787
smcquielx,Sharona,sgutteridgelx@irs.gov,Female,4,1824
wkiddlely,Wesley,wbreederly@disqus.com,Male,55,3941
afoadlz,Aldwin,achardinlz@weebly.com,Male,18,326
pmechemm0,Palm,pmaccostyem0@springer.com,Male,57,4874
hswitzerm1,Harmon,hrueggm1@nymag.com,Male,50,3613
ipeeterm2,Ilaire,iclimom2@acquirethisname.com,Male,58,425
ldartem3,Loree,lkensonm3@myspace.com,Female,56,4389
fosullivanm4,Francesco,fkitchingmanm4@linkedin.com,Male,24,4368
fthickinsm5,Fredrick,fgowrichm5@dyndns.org,Male,32,4230
npaynem6,Noreen,nvoycem6@time.com,Female,33,1512
mtraskm7,Margalo,mfenlonm7@go.com,Female,67,3492
trodmellm8,Timoteo,tsanciasm8@myspace.com,Male,73,4513
klusherm9,Kirsten,kgoldem9@phoca.cz,Female,10,1201
ecopcuttma,Emilia,eolunneyma@google.ru,Female,66,2512
hguinanemb,Harwilll,hniecemb@europa.eu,Male,53,3526
mcurleymc,Martica,mdovydenasmc@springer.com,Female,38,3968
bberreclothmd,Brett,bmcmichellmd@berkeley.edu,Male,58,3926
cisacme,Celia,cglazebrookme@google.com.br,Female,3,2539
baldersleymf,Bart,bsagarmf@businesswire.com,Male,74,4325
lwinwoodmg,Laurice,lurwenmg@digg.com,Female,48,3007
ipaxtonmh,Ignazio,ilowdenmh@boston.com,Male,21,3460
jrufflermi,Jakob,jhabletmi@vk.com,Male,75,661
bladleymj,Buck,bboguemj@amazon.de,Male,63,4164
hgottermk,Hobard,hstylesmk@who.int,Male,7,2866
dfrancescml,Dorey,dgoodml@diigo.com,Male,73,418
ebaszniakmm,Emlyn,ekertessmm@alibaba.com,Male,56,3014
jbarczynskimn,Jazmin,jvolettmn@booking.com,Female,57,2002
ccuminemo,Carl,cblockeymo@4shared.com,Male,60,4392
kpymmmp,Kore,kwillougheymp@cnet.com,Female,15,2932
mfacermq,Maggi,mgrimstermq@rakuten.co.jp,Female,46,2663
dwixeymr,Deni,daubreymr@engadget.com,Female,66,678
csongestms,Carolann,cbattsonms@tinyurl.com,Female,30,2966
etaylermt,Eduardo,ecurnessmt@amazon.de,Male,78,2917
ablazimu,Allsun,afrowdemu@sogou.com,Female,11,1750
bcorymv,Basile,bmerwoodmv@independent.co.uk,Male,30,3305
vheckneymw,Valentina,vbedboromw@quantcast.com,Female,1,2233
sthiemmx,Shelbi,smoldermx@deliciousdays.com,Female,61,1793
arozenzweigmy,Adolf,akohenmy@e-recht24.de,Male,80,4835
efitzsymonmz,Eadmund,eplaskettmz@newsvine.com,Male,9,4518
kbolzmannn0,Kaleb,krummingn0@biblegateway.com,Male,67,591
cparidgen1,Celle,cgeistbeckn1@jalbum.net,Female,60,3197
pedgeleyn2,Patin,pteresan2@aboutads.info,Male,47,1319
jstotern3,Jermaine,jdabnotn3@oracle.com,Male,13,1694
mtrebbettn4,Marshall,mkryszkieciczn4@webeden.co.uk,Male,66,4050
apavlovskyn5,Anne-corinne,anormanvilln5@google.com.hk,Female,9,967
screbern6,Sissie,sofeeneyn6@mail.ru,Female,30,4559
bjoscelynen7,Bianka,bdahlen7@unicef.org,Female,46,4485
rgrovehamn8,Roland,rdormonn8@163.com,Male,19,3498
alavingtonn9,Ancell,aalldren9@oracle.com,Male,32,1435
bacasterna,Blayne,bsemarkena@time.com,Male,66,709
cshinfieldnb,Chrotoem,clamortnb@yahoo.com,Male,66,1771
sgresnc,Shirleen,smarquessnc@cpanel.net,Female,15,770
ahawkernd,Annetta,ahamsharnd@berkeley.edu,Female,74,1684
nlongdonne,Neall,nmcniffne@shop-pro.jp,Male,44,1904
skryskanf,Sonny,smargettsnf@canalblog.com,Male,17,4774
mpridgeonng,Marya,mnovacekng@php.net,Female,7,1208
ibakernh,Igor,iminotnh@ifeng.com,Male,10,3677
jgammieni,Jewel,jgurryni@joomla.org,Female,68,2337
jgudahynj,Jesse,jjullnj@mashable.com,Male,58,4443
jgoingnk,Jamie,jglovesnk@washington.edu,Female,17,1000
asaffrannl,Ainslie,ahounsonnl@mlb.com,Female,66,2859
cnobriganm,Claybourne,cgerratynm@mozilla.org,Male,12,4320
tvasqueznn,Tailor,tswannnn@telegraph.co.uk,Male,58,1812
hgunsonno,Hurley,hoverno@umn.edu,Male,40,3035
mjagonp,Marna,mbathowenp@huffingtonpost.com,Female,21,150
hlamanbynq,Hans,hseyffertnq@storify.com,Male,23,4714
jworthynr,Judi,jshildricknr@si.edu,Female,4,368
dtrasens,Dredi,dsellandns@themeforest.net,Female,41,246
striponynt,Sig,schallenornt@redcross.org,Male,24,632
ldoorenu,Locke,lgerardnu@mayoclinic.com,Male,63,4704
rwaitingnv,Ringo,rchisnellnv@over-blog.com,Male,22,4897
hgladwinnw,Hana,hknotonnw@a8.net,Female,47,176
jilemnx,Jaime,jwasmernx@japanpost.jp,Female,15,4765
bkefordny,Binny,bpagninny@devhub.com,Female,62,995
rcrudennz,Rhona,rsawyersnz@uol.com.br,Female,28,613
mroundtreeo0,Merrilee,mlevero0@phpbb.com,Female,51,2164
paverillo1,Price,pleymano1@phpbb.com,Male,56,2344
bjaslemo2,Bevon,bbunclarko2@w3.org,Male,72,3687
awikeyo3,Averell,aplettso3@hc360.com,Male,24,4134
vcreaseyo4,Vickie,vstubbinso4@ycombinator.com,Female,15,476
fbeezeo5,Fred,fschelleo5@biblegateway.com,Male,8,1058
bredolfio6,Burke,brobbieo6@ustream.tv,Male,42,1312
relioto7,Rutter,rhardwello7@columbia.edu,Male,23,4929
mnoultono8,Mandel,mmelluisho8@globo.com,Male,63,319
dbaudassio9,Dorothee,dbritneyo9@wordpress.org,Female,51,1846
lpuddenoa,Ludvig,lyarnelloa@csmonitor.com,Male,55,4870
ageockleob,Alair,akarolyob@buzzfeed.com,Male,40,2009
dtillmanoc,Deerdre,dwetheraldoc@lycos.com,Female,79,4568
fwimburyod,Farrell,fastburyod@cyberchimps.com,Male,62,1969
ktourmelloe,Karlis,kpeckoe@stanford.edu,Male,56,3789
lferentzof,Lenci,ltutchenerof@globo.com,Male,10,1753
lpritchettog,Leann,londrousekog@goodreads.com,Female,23,4647
twathenoh,Tamarra,tdeussoh@artisteer.com,Female,59,656
cgresonoi,Carolyne,cdonkeoi@cpanel.net,Female,53,743
fswaloughoj,Fremont,fbryersoj@toplist.cz,Male,76,4138
ogrigoreyok,Othella,omeweok@sogou.com,Female,34,2480
wmorsomol,Wilmette,wbazelyol@nydailynews.com,Female,52,4084
dmargarsonom,Darsey,dtittaom@slate.com,Female,59,4122
sbotterillon,Sibley,sdearyon@domainmarket.com,Female,11,1407
kbealeoo,Kaylil,khealeasoo@unblog.fr,Female,42,3923
eugoliniop,Ed,emoreyop@techcrunch.com,Male,24,3146
odelaceyoq,Oliver,oharbackoq@ucsd.edu,Male,50,4442
jurpethor,Jaime,jsarjentor@lulu.com,Female,53,4546
hfableros,Holmes,halwellos@rambler.ru,Male,80,331
ksturrot,Krista,kbroomheadot@elpais.com,Female,24,3773
ocollinou,Oliviero,omabbettou@blogtalkradio.com,Male,64,3767
dmeakerov,Devin,dverrallov@oakley.com,Female,52,4411
cbernardtow,Care,cbosleyow@goodreads.com,Male,69,2935
jdaishox,Joel,jferrickox@wikipedia.org,Male,30,3714
rnapolioneoy,Reggie,rbridgeroy@vimeo.com,Male,51,912
mfumagallioz,Mikaela,mcheethamoz@xing.com,Female,60,2611
ltrimmillp0,Lamond,lwoolpertp0@princeton.edu,Male,32,3186
gwestropep1,Goddart,gbattyllp1@deviantart.com,Male,36,483
jalesbrookp2,Jarret,jfairbrassp2@nps.gov,Male,67,2616
ljerzakp3,Loy,llagneauxp3@fc2.com,Male,22,1390
rskeap4,Raphael,rspearingp4@google.ca,Male,69,4986
gblemingsp5,Gottfried,gyushachkovp5@xinhuanet.com,Male,33,4492
gvaudp6,Gabbie,ghuckinp6@ocn.ne.jp,Female,22,3836
thorryp7,Taylor,tmcwatersp7@stanford.edu,Male,25,224
eharremap8,Eveline,ebrooksbankp8@ox.ac.uk,Female,64,4294
dvondrysp9,Dosi,dscotchmerp9@accuweather.com,Female,17,4593
dfishbournepa,Drugi,dmeedendorpepa@oracle.com,Male,77,1248
mslipperpb,Marcello,mmcanenypb@nbcnews.com,Male,79,1046
dboycepc,Daffie,dmcguckenpc@ebay.co.uk,Female,40,2063
dbeinkepd,Dominga,dweatherillpd@amazon.de,Female,40,3748
eguswellpe,Esta,ekershawpe@google.com.au,Female,69,2826
yubankspf,Yul,ybatiepf@scientificamerican.com,Male,75,3611
gpaskinspg,Grace,gkeelanpg@cisco.com,Female,51,1352
njoyeph,Nelson,noneillph@oakley.com,Male,50,2898
ckrollepi,Curr,cgaufordpi@hud.gov,Male,41,1636
fmarkussenpj,Far,fparmerpj@freewebs.com,Male,2,2709
ceastmondpk,Con,cviscopk@reverbnation.com,Female,25,4777
jwarykpl,Jeremiah,jfiveypl@gmpg.org,Male,73,1755
nshirlawpm,Novelia,noconcannonpm@home.pl,Female,53,4877
avallenspn,Ada,akennicottpn@oracle.com,Female,9,4096
rholahpo,Rurik,rdionispo@tmall.com,Male,1,2552
btruwertpp,Broderick,blackneypp@psu.edu,Male,73,4161
edollepq,Eloisa,esladpq@jalbum.net,Female,48,3325
mduncanpr,Mickie,mchristalpr@ox.ac.uk,Male,14,1637
lpieteschps,Lurline,lmillottps@jiathis.com,Female,51,4615
pshuttlewoodpt,Paco,psmithermanpt@businessweek.com,Male,61,1498
mbinnellpu,Matthias,mrossonpu@ca.gov,Male,29,4280
ccockburnpv,Carol-jean,cslaymakerpv@arstechnica.com,Female,49,1472
tsailorpw,Tana,toflahertypw@printfriendly.com,Female,56,3031
fgibbiesonpx,Friedrich,fbattsonpx@ezinearticles.com,Male,37,2547
helsompy,Hurleigh,hmartignonipy@jalbum.net,Male,47,2686
hguerropz,Hebert,hnormavellpz@drupal.org,Male,60,4639
sdainesq0,Shell,sspreadburyq0@desdev.cn,Male,49,3967
mgatchellq1,Mariya,mhanseq1@lulu.com,Female,30,4426
gbrockieq2,Gav,gsmithinq2@answers.com,Male,54,2848
uwortersq3,Ursuline,uwellsteadq3@businessweek.com,Female,26,1441
troncaq4,Thacher,tgilhoolq4@fda.gov,Male,7,2906
vbickfordq5,Vin,vdelloydq5@technorati.com,Male,2,3274
crodnightq6,Cati,clindroq6@cornell.edu,Female,14,2936
dpoytresq7,Dreddy,dbenardetteq7@quantcast.com,Female,70,2952
ljeromeq8,Lila,lriggollq8@japanpost.jp,Female,60,1473
slawlandq9,Salmon,sdearq9@goo.ne.jp,Male,13,2713
mharmarqa,Madlin,mpurverqa@miitbeian.gov.cn,Female,72,576
eflahyqb,Eddie,eemorqb@wikipedia.org,Male,28,2964
mendersqc,Marybeth,mhalsteadqc@vistaprint.com,Female,13,691
pkosqd,Patrick,pbyattqd@google.com,Male,26,1112
mpadefieldqe,Melany,mmcphersonqe@themeforest.net,Female,34,4300
fpainterqf,Fabiano,fheinsiusqf@macromedia.com,Male,59,3433
chounsomqg,Carly,cmclugishqg@amazon.com,Female,21,2779
lswatlandqh,Lian,lwinklessqh@ihg.com,Female,44,955
uheskinsqi,Upton,ustickellsqi@vinaora.com,Male,22,2798
jmcandrewqj,Jeanelle,jarnaudotqj@wisc.edu,Female,18,1049
dchesneyqk,Danyelle,dmchirrieqk@google.nl,Female,16,3530
keatockql,Kittie,kdudnyql@tripadvisor.com,Female,76,4680
rlefebreqm,Roxy,rdallinderqm@japanpost.jp,Female,36,1380
cmacalroyqn,Candis,cdinceyqn@qq.com,Female,76,2045
lhudlessqo,Layne,lcarsonqo@indiatimes.com,Female,18,2687
cthresherqp,Claudio,chathwayqp@merriam-webster.com,Male,30,2305
dmorstonqq,Dotti,dstuchberryqq@tiny.cc,Female,9,580
dredmayneqr,Dino,dschnitterqr@cyberchimps.com,Male,33,3455
tvelezqs,Tiffani,tzealyqs@aol.com,Female,10,1420
alardeurqt,Arnuad,awitherupqt@jimdo.com,Male,9,1196
zfinnqu,Zerk,zgatequ@howstuffworks.com,Male,15,365
tfablerqv,Tammie,tmcilvaneyqv@nih.gov,Male,2,3157
bsmeedqw,Boycie,bsansumqw@home.pl,Male,55,4916
bcollingsqx,Berny,bninehamqx@tumblr.com,Female,39,3637
lwynrahameqy,Liva,lzannotelliqy@patch.com,Female,41,752
ngreenierqz,Niall,npesterqz@dailymotion.com,Male,41,1953
licomr0,Linoel,lvanarsdaler0@statcounter.com,Male,33,1499
rspeightr1,Rafaelita,rducaenr1@google.nl,Female,28,4019
jhumfreyr2,Jermaine,jaronovr2@cafepress.com,Female,36,1445
gvahlr3,Guido,gstarrsr3@facebook.com,Male,36,2894
mfrancktonr4,Marleah,msextonr4@constantcontact.com,Female,2,3677
znoirelr5,Zared,zhyettr5@wikia.com,Male,59,2160
nbornr6,Nick,nprendeguestr6@hp.com,Male,80,459
sdelaspeer7,Skell,sbaldreer7@abc.net.au,Male,18,4911
khowiesonr8,Kendal,kgiovanittir8@umich.edu,Male,51,3680
ldyker9,Lydie,lsmittenr9@123-reg.co.uk,Female,13,731
mzimmermeisterra,Monique,mstokoera@shareasale.com,Female,26,1652
fwarlandrb,Florenza,fwhilesrb@desdev.cn,Female,44,4806
tmccliffertyrc,Timothee,ttongrc@lycos.com,Male,19,1746
educarnerd,Esra,eferraord@51.la,Male,16,231
mjachimczakre,Morry,modegaardre@smugmug.com,Male,13,174
jcarradicerf,Jeremy,jruggrf@ucla.edu,Male,53,3588
lcondonrg,Lawrence,lwoolagerrg@mail.ru,Male,25,2395
ndimbylowrh,Neale,ncrowchrh@simplemachines.org,Male,5,1118
rredwinri,Reinald,rstoggellri@tiny.cc,Male,45,222
agansbuhlerrj,Alysa,achadwellrj@php.net,Female,62,2654
kshandrk,Kristel,kbollenrk@wikimedia.org,Female,20,3240
fspightrl,Florina,fdivverrl@arstechnica.com,Female,47,588
sjoselsonrm,Silva,storransrm@yandex.ru,Female,62,2617
bmathenrn,Buck,bchandlerrn@homestead.com,Male,79,2861
caseefro,Carlota,cmaccoughanro@bloglines.com,Female,31,4374
vbootsrp,Vivienne,vzealanderrp@bbb.org,Female,10,246
wdoutyrq,Waldo,wblaszczynskirq@intel.com,Male,51,1255
tdecastelainrr,Tomasine,tmeinekingrr@google.co.jp,Female,9,625
